{
    "result": {
        "": 1.49890000,
        "(\n    test\n)": 0.00000000,
        "(null)": 0.00000000,
        "test": 1.60000000
    },
    "error": null,
    "id": "crltest"
}
